{
 "axis": [
  -0.05305005609989166,
  -0.08275086432695389,
  0.9951572418212891
 ],
 "origin": [
  13731.5380859375,
  12919.94140625,
  18447.171875
 ],
 "segments": {
  "20250108000000-w025_2025010863": {
   "r_mean": 3134.9541015625,
   "r_median": 3199.33251953125,
   "r_p10": 2110.478271484375,
   "r_p90": 4070.309814453125,
   "along_mean": -1561.602783203125,
   "along_min": -15163.74609375,
   "along_max": 11203.31640625
  },
  "20250108000001-w026_2025010854": {
   "r_mean": 3218.416259765625,
   "r_median": 3274.76123046875,
   "r_p10": 2206.23046875,
   "r_p90": 4141.30078125,
   "along_mean": -1062.530029296875,
   "along_min": -14845.03125,
   "along_max": 12371.9638671875
  },
  "20250108000002-w027_2025010845": {
   "r_mean": 3290.5048828125,
   "r_median": 3327.7470703125,
   "r_p10": 2262.892578125,
   "r_p90": 4236.47607421875,
   "along_mean": -1009.7047729492188,
   "along_min": -14776.490234375,
   "along_max": 12405.7119140625
  },
  "20250108000003-w028_2025010836": {
   "r_mean": 3377.93359375,
   "r_median": 3408.64990234375,
   "r_p10": 2374.892333984375,
   "r_p90": 4335.76416015625,
   "along_mean": -951.9639282226562,
   "along_min": -14613.779296875,
   "along_max": 12320.060546875
  },
  "20250108000004-w029_2025010827": {
   "r_mean": 3442.05517578125,
   "r_median": 3458.14599609375,
   "r_p10": 2438.051513671875,
   "r_p90": 4402.388671875,
   "along_mean": -940.7048950195312,
   "along_min": -14595.82421875,
   "along_max": 12283.666015625
  },
  "20250108000005-w030_2025010818": {
   "r_mean": 3511.3369140625,
   "r_median": 3524.44580078125,
   "r_p10": 2516.974853515625,
   "r_p90": 4487.90966796875,
   "along_mean": -923.027099609375,
   "along_min": -14445.9833984375,
   "along_max": 12258.73828125
  },
  "20250223000000-w059_2025022312": {
   "r_mean": 5525.40625,
   "r_median": 5496.630859375,
   "r_p10": 4428.58544921875,
   "r_p90": 6623.07421875,
   "along_mean": -1495.9930419921875,
   "along_min": -15394.21875,
   "along_max": 11233.29296875
  },
  "20250831000000-w040_2025083102": {
   "r_mean": 4143.22802734375,
   "r_median": 4077.007080078125,
   "r_p10": 3186.559814453125,
   "r_p90": 5219.75341796875,
   "along_mean": 310.2522888183594,
   "along_min": -11452.919921875,
   "along_max": 11345.8828125
  },
  "20251226000000-w055_2025122611": {
   "r_mean": 5203.787109375,
   "r_median": 5122.533203125,
   "r_p10": 4185.9052734375,
   "r_p90": 6333.1494140625,
   "along_mean": -752.9198608398438,
   "along_min": -14588.037109375,
   "along_max": 12613.9306640625
  },
  "20260108000000-w041_2026010816": {
   "r_mean": 4232.4072265625,
   "r_median": 4157.47607421875,
   "r_p10": 3282.68505859375,
   "r_p90": 5302.5,
   "along_mean": 225.5937957763672,
   "along_min": -11264.166015625,
   "along_max": 11257.5986328125
  },
  "20260112000000-w043_2026011217": {
   "r_mean": 4346.85107421875,
   "r_median": 4289.9775390625,
   "r_p10": 3386.153564453125,
   "r_p90": 5400.5537109375,
   "along_mean": 365.99884033203125,
   "along_min": -11032.162109375,
   "along_max": 11189.2041015625
  },
  "20260115000000-w044_2026011522": {
   "r_mean": 4427.98193359375,
   "r_median": 4368.72265625,
   "r_p10": 3472.656494140625,
   "r_p90": 5485.3125,
   "along_mean": 261.4303894042969,
   "along_min": -10917.2548828125,
   "along_max": 11234.8310546875
  },
  "20260115000001-w056_2026011514": {
   "r_mean": 5331.546875,
   "r_median": 5289.4677734375,
   "r_p10": 4287.04736328125,
   "r_p90": 6426.68212890625,
   "along_mean": -622.66357421875,
   "along_min": -14437.1396484375,
   "along_max": 12344.3564453125
  },
  "20260126000000-w045_2026012619": {
   "r_mean": 4552.62060546875,
   "r_median": 4508.17138671875,
   "r_p10": 3566.06982421875,
   "r_p90": 5602.2763671875,
   "along_mean": 297.9353942871094,
   "along_min": -10733.5546875,
   "along_max": 11165.267578125
  },
  "20260127000000-w057_2026012713": {
   "r_mean": 5381.55712890625,
   "r_median": 5348.8134765625,
   "r_p10": 4282.65869140625,
   "r_p90": 6502.66259765625,
   "along_mean": -1421.0098876953125,
   "along_min": -15666.9892578125,
   "along_max": 12131.8642578125
  },
  "20260130000000-w031_2026013019": {
   "r_mean": 3589.935302734375,
   "r_median": 3595.154296875,
   "r_p10": 2586.46826171875,
   "r_p90": 4571.72607421875,
   "along_mean": -922.0211181640625,
   "along_min": -14390.4697265625,
   "along_max": 12182.8359375
  },
  "20260203000000-w032_2026020303": {
   "r_mean": 3647.77880859375,
   "r_median": 3640.083984375,
   "r_p10": 2647.627197265625,
   "r_p90": 4635.7236328125,
   "along_mean": -848.3018798828125,
   "along_min": -14362.71484375,
   "along_max": 12242.3984375
  },
  "20260206000000-w042_2026020613": {
   "r_mean": 4271.95361328125,
   "r_median": 4211.990234375,
   "r_p10": 3322.784423828125,
   "r_p90": 5322.44921875,
   "along_mean": 340.84576416015625,
   "along_min": -10870.939453125,
   "along_max": 11005.0146484375
  },
  "20260206000001-w047_2026020613": {
   "r_mean": 4739.96728515625,
   "r_median": 4691.6953125,
   "r_p10": 3741.9921875,
   "r_p90": 5793.8291015625,
   "along_mean": 331.339599609375,
   "along_min": -10439.6318359375,
   "along_max": 11041.8095703125
  },
  "20260206000002-w054_2026020617": {
   "r_mean": 5067.3349609375,
   "r_median": 4982.9970703125,
   "r_p10": 4047.59228515625,
   "r_p90": 6209.04541015625,
   "along_mean": -784.1487426757812,
   "along_min": -14449.7216796875,
   "along_max": 12292.533203125
  },
  "20260210000000-w058_2026021020": {
   "r_mean": 5440.20263671875,
   "r_median": 5397.375,
   "r_p10": 4360.16943359375,
   "r_p90": 6546.8701171875,
   "along_mean": -1104.8922119140625,
   "along_min": -15610.9990234375,
   "along_max": 12077.326171875
  },
  "20260215000000-w024_2026021572": {
   "r_mean": 3034.353759765625,
   "r_median": 3106.79443359375,
   "r_p10": 2017.014404296875,
   "r_p90": 3956.5205078125,
   "along_mean": -1597.1820068359375,
   "along_min": -14911.5224609375,
   "along_max": 11061.2216796875
  },
  "20260219000000-w033_2026021913": {
   "r_mean": 3712.865478515625,
   "r_median": 3698.3837890625,
   "r_p10": 2717.93701171875,
   "r_p90": 4711.98046875,
   "along_mean": -796.3485717773438,
   "along_min": -14392.591796875,
   "along_max": 12157.4013671875
  },
  "20260219000001-w048_2026021912": {
   "r_mean": 4833.07958984375,
   "r_median": 4792.2939453125,
   "r_p10": 3816.4765625,
   "r_p90": 5905.81640625,
   "along_mean": 424.01605224609375,
   "along_min": -10217.2568359375,
   "along_max": 10971.84765625
  },
  "20260220000000-w053_2026022021": {
   "r_mean": 5029.5703125,
   "r_median": 4919.09765625,
   "r_p10": 4028.483642578125,
   "r_p90": 6166.36767578125,
   "along_mean": -737.4556884765625,
   "along_min": -14237.37109375,
   "along_max": 12199.9873046875
  },
  "20260227000000-w052_2026022705": {
   "r_mean": 4927.5234375,
   "r_median": 4847.779296875,
   "r_p10": 3857.0625,
   "r_p90": 6091.23291015625,
   "along_mean": -1575.779541015625,
   "along_min": -15477.921875,
   "along_max": 12065.0791015625
  },
  "20260302000000-w039_2026030210": {
   "r_mean": 4056.421630859375,
   "r_median": 3988.83056640625,
   "r_p10": 3098.1025390625,
   "r_p90": 5082.2646484375,
   "along_mean": 222.4902801513672,
   "along_min": -12834.34765625,
   "along_max": 11203.154296875
  },
  "20260302000001-w050_2026030220": {
   "r_mean": 4807.2939453125,
   "r_median": 4722.2177734375,
   "r_p10": 3855.55224609375,
   "r_p90": 5947.86572265625,
   "along_mean": 216.52572631835938,
   "along_min": -9413.31640625,
   "along_max": 9946.0126953125
  },
  "20260303000000-w034_2026030317": {
   "r_mean": 3768.0537109375,
   "r_median": 3755.1123046875,
   "r_p10": 2768.82470703125,
   "r_p90": 4763.5859375,
   "along_mean": -824.7509765625,
   "along_min": -14192.880859375,
   "along_max": 12188.18359375
  },
  "20260306000000-w038_2026030608": {
   "r_mean": 3987.10009765625,
   "r_median": 3942.970703125,
   "r_p10": 3037.6142578125,